{
  "loss": 0.02100772224366665,
  "val_loss": 0.011741233058273792,
  "epoch": 3,
  "global_step": 44
}