{
  "loss": 1.4597617337130941e-05,
  "val_loss": 4.958166755386628e-05,
  "epoch": 32,
  "global_step": 189255
}