{
  "loss": 2.36604391830042e-05,
  "val_loss": 0.0216170996427536,
  "epoch": 0,
  "global_step": 6
}