{
  "loss": 0.001328684389591217,
  "val_loss": 0.0015655460301786661,
  "epoch": 25,
  "global_step": 45058
}