{
  "loss": 0.002638958627358079,
  "val_loss": 1.0959680274424954e-08,
  "epoch": 14,
  "global_step": 570
}