{
  "loss": 0.022936806082725525,
  "val_loss": 0.026943737640976906,
  "epoch": 6,
  "global_step": 119
}