{
  "loss": 0.00036715963506139815,
  "val_loss": 0.0002660066820681095,
  "epoch": 23,
  "global_step": 32664
}