{
  "loss": 0.007975162006914616,
  "val_loss": 0.0051561868749558926,
  "epoch": 14,
  "global_step": 3495
}