{
  "loss": 0.08792340010404587,
  "val_loss": 0.07406504452228546,
  "epoch": 30,
  "global_step": 62
}