{
  "loss": 0.020400401204824448,
  "val_loss": 0.011756854131817818,
  "epoch": 3,
  "global_step": 44
}