{
  "loss": 0.0034760821145027876,
  "val_loss": 0.00455075316131115,
  "epoch": 2,
  "global_step": 2286
}