{
  "loss": 0.018114762380719185,
  "val_loss": 0.008443805389106274,
  "epoch": 6,
  "global_step": 203
}