{
  "loss": 0.0009316212963312864,
  "val_loss": 5.4229869483890525e-09,
  "epoch": 8,
  "global_step": 981
}