{
  "loss": 0.00043249456211924553,
  "val_loss": 0.0002498185494914651,
  "epoch": 1,
  "global_step": 3958
}