{
  "loss": 0.0032388283871114254,
  "val_loss": 0.0033927951008081436,
  "epoch": 5,
  "global_step": 3348
}