{
  "loss": 0.001330113154835999,
  "val_loss": 0.001565048354677856,
  "epoch": 23,
  "global_step": 41592
}