{
  "loss": 0.0013291524956002831,
  "val_loss": 0.0015651503344997764,
  "epoch": 29,
  "global_step": 51990
}