{
  "loss": 0.0003785670269280672,
  "val_loss": 0.0002662591286934912,
  "epoch": 7,
  "global_step": 10888
}