{
  "loss": 0.005394508130848408,
  "val_loss": 0.0060122632421553135,
  "epoch": 19,
  "global_step": 14740
}