{
  "loss": 0.0003659662907011807,
  "val_loss": 0.0002659955353010446,
  "epoch": 33,
  "global_step": 46274
}