{
  "loss": 0.03473177179694176,
  "val_loss": 0.04723585397005081,
  "epoch": 16,
  "global_step": 153
}