{
  "loss": 0.0013340824516490102,
  "val_loss": 0.001565398182719946,
  "epoch": 12,
  "global_step": 22529
}