{
  "loss": 0.023162974044680595,
  "val_loss": 0.02683498151600361,
  "epoch": 7,
  "global_step": 136
}