{
  "loss": 0.0016539409989491105,
  "val_loss": 0.0012361572589725256,
  "epoch": 46,
  "global_step": 77973
}