{
  "loss": 1.7345057131024078e-05,
  "val_loss": 4.527323835645802e-05,
  "epoch": 28,
  "global_step": 166315
}