{
  "loss": 0.022841427475214005,
  "val_loss": 0.026805948466062546,
  "epoch": 15,
  "global_step": 272
}