{
  "loss": 0.0004488993436098099,
  "val_loss": 0.00033596137654967606,
  "epoch": 2,
  "global_step": 6186
}