{
  "loss": 0.0032007084228098392,
  "val_loss": 0.0033961862791329622,
  "epoch": 27,
  "global_step": 15624
}