{
  "loss": 7.020417797320988e-06,
  "val_loss": 0.021640026941895485,
  "epoch": 2,
  "global_step": 18
}