{
  "loss": 0.0016650051111355424,
  "val_loss": 0.0012424575397744775,
  "epoch": 22,
  "global_step": 38157
}