{
  "loss": 0.001328515587374568,
  "val_loss": 0.0015653410227969289,
  "epoch": 23,
  "global_step": 41592
}