{
  "loss": 0.0231019239872694,
  "val_loss": 0.026782961562275887,
  "epoch": 6,
  "global_step": 119
}