{
  "loss": 0.020993884652853012,
  "val_loss": 0.011746791191399097,
  "epoch": 4,
  "global_step": 55
}