{
  "loss": 7.394753538392251e-06,
  "val_loss": 0.021689243614673615,
  "epoch": 2,
  "global_step": 18
}