{
  "loss": 7.374228516709991e-06,
  "val_loss": 0.02168538048863411,
  "epoch": 2,
  "global_step": 18
}