{
  "loss": 0.09866797178983688,
  "val_loss": 0.07550891488790512,
  "epoch": 3,
  "global_step": 8
}