{
  "loss": 0.03477771580219269,
  "val_loss": 0.04759654402732849,
  "epoch": 8,
  "global_step": 81
}