{
  "loss": 0.0029000008944422007,
  "val_loss": 0.002986410865560174,
  "epoch": 2,
  "global_step": 477
}