{
  "loss": 0.005424824543297291,
  "val_loss": 0.006010937970131636,
  "epoch": 2,
  "global_step": 2211
}