{
  "loss": 4.00358039769344e-05,
  "val_loss": 0.00011765782255679369,
  "epoch": 0,
  "global_step": 5735
}