{
  "loss": 0.03479655459523201,
  "val_loss": 0.047066494822502136,
  "epoch": 17,
  "global_step": 162
}