{
  "loss": 0.002654061419889331,
  "val_loss": 2.010762614190753e-07,
  "epoch": 11,
  "global_step": 456
}