{
  "loss": 1.732564123813063e-05,
  "val_loss": 1.4405118520244287e-07,
  "epoch": 13,
  "global_step": 32018
}