{
  "loss": 0.08392955362796783,
  "val_loss": 0.073220394551754,
  "epoch": 44,
  "global_step": 90
}