{
  "loss": 5.063986100140028e-05,
  "val_loss": 3.297099815391391e-10,
  "epoch": 10,
  "global_step": 30129
}