{
  "loss": 0.008024653419852257,
  "val_loss": 0.005173578858375549,
  "epoch": 1,
  "global_step": 466
}