{
  "loss": 0.005436515901237726,
  "val_loss": 0.00601067254319787,
  "epoch": 2,
  "global_step": 2211
}