{
  "loss": 1.517396594863385e-05,
  "val_loss": 4.236014501657337e-05,
  "epoch": 18,
  "global_step": 108965
}