{
  "loss": 0.03613143786787987,
  "val_loss": 0.04713544249534607,
  "epoch": 12,
  "global_step": 117
}