{
  "loss": 0.0034614806063473225,
  "val_loss": 0.0045431824401021,
  "epoch": 6,
  "global_step": 5334
}