{
  "loss": 0.003488903632387519,
  "val_loss": 0.0045425682328641415,
  "epoch": 1,
  "global_step": 1524
}