{
  "loss": 1.5679735952289775e-05,
  "val_loss": 4.364748747320846e-05,
  "epoch": 19,
  "global_step": 114700
}