{
  "loss": 0.0003719660744536668,
  "val_loss": 0.0002661439648363739,
  "epoch": 16,
  "global_step": 23137
}