{
  "loss": 1.8234661183669232e-05,
  "val_loss": 5.20165849593468e-05,
  "epoch": 17,
  "global_step": 103230
}