{
  "loss": 0.034393176436424255,
  "val_loss": 0.04703781381249428,
  "epoch": 9,
  "global_step": 90
}