{
  "loss": 0.011540300212800503,
  "val_loss": 0.01173259224742651,
  "epoch": 2,
  "global_step": 210
}