{
  "loss": 0.00011044700659113005,
  "val_loss": 0.00010228573955828324,
  "epoch": 7,
  "global_step": 63472
}