{
  "loss": 0.0003660871007014066,
  "val_loss": 0.0002660071768332273,
  "epoch": 22,
  "global_step": 31303
}