{
  "loss": 0.0026605557650327682,
  "val_loss": 4.3336549993000517e-07,
  "epoch": 12,
  "global_step": 494
}