{
  "loss": 2.0174780729576014e-05,
  "val_loss": 4.507204721448943e-05,
  "epoch": 16,
  "global_step": 97495
}