{
  "loss": 0.0032332027330994606,
  "val_loss": 0.0033979867585003376,
  "epoch": 11,
  "global_step": 6696
}