{
  "loss": 0.0016311139333993196,
  "val_loss": 0.0015611312119290233,
  "epoch": 4,
  "global_step": 2750
}