{
  "loss": 5.064256038167514e-05,
  "val_loss": 3.313513075031693e-10,
  "epoch": 10,
  "global_step": 30129
}