{
  "loss": 0.011585903353989124,
  "val_loss": 0.011721032671630383,
  "epoch": 6,
  "global_step": 490
}