{
  "loss": 5.058967508375645e-05,
  "val_loss": 3.284332805719714e-10,
  "epoch": 10,
  "global_step": 30129
}