{
  "loss": 0.08557126671075821,
  "val_loss": 0.07306365668773651,
  "epoch": 38,
  "global_step": 78
}