{
  "loss": 2.4480332285747863e-05,
  "val_loss": 5.636505738948472e-05,
  "epoch": 13,
  "global_step": 80290
}