{
  "loss": 0.01158836204558611,
  "val_loss": 0.011716962791979313,
  "epoch": 3,
  "global_step": 280
}