{
  "loss": 1.9397597498027608e-05,
  "val_loss": 3.471181675429591e-10,
  "epoch": 9,
  "global_step": 71780
}