{
  "loss": 0.011450231075286865,
  "val_loss": 0.011717259883880615,
  "epoch": 18,
  "global_step": 1330
}