{
  "loss": 4.008215182693675e-05,
  "val_loss": 0.00011764985538320616,
  "epoch": 0,
  "global_step": 5735
}