{
  "loss": 0.00037003890611231327,
  "val_loss": 0.00026607431937009096,
  "epoch": 19,
  "global_step": 27220
}