{
  "loss": 0.08464261144399643,
  "val_loss": 0.07305146753787994,
  "epoch": 40,
  "global_step": 82
}