{
  "loss": 0.0013511298457160592,
  "val_loss": 0.0014149376656860113,
  "epoch": 14,
  "global_step": 35490
}