{
  "loss": 0.0026561596896499395,
  "val_loss": 3.824488317150099e-07,
  "epoch": 5,
  "global_step": 228
}