{
  "loss": 0.08206300437450409,
  "val_loss": 0.07298972457647324,
  "epoch": 43,
  "global_step": 88
}