{
  "loss": 0.00036599842133000493,
  "val_loss": 0.00026599207194522023,
  "epoch": 36,
  "global_step": 50357
}