{
  "loss": 0.034876104444265366,
  "val_loss": 0.047255989164114,
  "epoch": 16,
  "global_step": 153
}