{
  "loss": 0.0348389595746994,
  "val_loss": 0.047160904854536057,
  "epoch": 7,
  "global_step": 72
}