{
  "loss": 0.0032203812152147293,
  "val_loss": 0.003396844957023859,
  "epoch": 15,
  "global_step": 8928
}