{
  "loss": 3.9648235542699695e-05,
  "val_loss": 4.358688410199818e-10,
  "epoch": 3,
  "global_step": 138084
}