{
  "loss": 0.005465216469019651,
  "val_loss": 0.006009054370224476,
  "epoch": 0,
  "global_step": 737
}