{
  "loss": 0.08597255498170853,
  "val_loss": 0.07405268400907516,
  "epoch": 39,
  "global_step": 80
}