{
  "loss": 5.0783928600139916e-05,
  "val_loss": 3.364652167991977e-10,
  "epoch": 1,
  "global_step": 5478
}