{
  "loss": 5.055288056610152e-05,
  "val_loss": 3.2853655906883716e-10,
  "epoch": 4,
  "global_step": 13695
}