{
  "loss": 0.020374374464154243,
  "val_loss": 0.01174281258136034,
  "epoch": 7,
  "global_step": 88
}