{
  "loss": 0.00021593368728645146,
  "val_loss": 0.0014297573361545801,
  "epoch": 3,
  "global_step": 1372
}