{
  "loss": 0.003446230897679925,
  "val_loss": 0.004564459435641766,
  "epoch": 13,
  "global_step": 10668
}