{
  "loss": 0.034609246999025345,
  "val_loss": 0.04720123112201691,
  "epoch": 12,
  "global_step": 117
}