{
  "loss": 3.999386899522506e-05,
  "val_loss": 0.00011766550596803427,
  "epoch": 0,
  "global_step": 5735
}