{
  "loss": 0.00011629036453086883,
  "val_loss": 0.00010190532339038327,
  "epoch": 6,
  "global_step": 13412
}